<?xml version="1.0"?>
<!DOCTYPE hibernate-mapping PUBLIC "-//Hibernate/Hibernate Mapping DTD 3.0//EN"
"http://hibernate.sourceforge.net/hibernate-mapping-3.0.dtd">
<!-- Generated 25 April 2011 7:52:33 PM by Hibernate Tools 3.4.0.CR1 -->
<hibernate-mapping>
	<class name="com.cg.user.xml.onetoone.StockDetail" table="stock_detail"
		>
		<id name="stockId" type="java.lang.Integer">
			<column name="STOCK_ID" />
			<generator class="foreign">
				<param name="property">stock</param>
			</generator>
		</id>
		<one-to-one name="stock" class="com.cg.user.xml.onetoone.Stock"
			constrained="true"></one-to-one>
		<property name="compName" type="string">
			<column name="COMP_NAME" length="100" not-null="true" />
		</property>
		<property name="compDesc" type="string">
			<column name="COMP_DESC" not-null="true" />
		</property>
		<property name="remark" type="string">
			<column name="REMARK" not-null="true" />
		</property>
		<property name="listedDate" type="date">
			<column name="LISTED_DATE" length="10" not-null="true" />
		</property>
	</class>
</hibernate-mapping>