<?xml version="1.0"?>
<!DOCTYPE hibernate-mapping PUBLIC "-//Hibernate/Hibernate Mapping DTD 3.0//EN"
"http://hibernate.sourceforge.net/hibernate-mapping-3.0.dtd">
<!-- Generated 25 April 2011 7:52:33 PM by Hibernate Tools 3.4.0.CR1 -->
<hibernate-mapping>
	<class name="com.cg.user.xml.onetoone.Stock" table="stock">
		<id name="stockId" type="java.lang.Integer">
			<column name="STOCK_ID" />
			<generator class="identity" />
		</id>
		<property name="stockCode" type="string">
			<column name="STOCK_CODE" length="10" not-null="true" unique="true" />
		</property>
		<property name="stockName" type="string">
			<column name="STOCK_NAME" length="20" not-null="true" unique="true" />
		</property>
		<one-to-one name="stockDetail" class="com.cg.user.xml.onetoone.StockDetail"
			cascade="save-update"></one-to-one>
	</class>
</hibernate-mapping>